"Christian Carrasco Abal",ccaraba2502@g.educand.es,usuario," 23-11-01"
"José Ramírez"," jose.ramirez@example.com"," USER"," 23-11-03"
"María López"," maria.lopez@example.com"," MODERATOR"," 23-11-05"
"Andrés García"," andres.garcia@example.com"," USER"," 23-11-07"
"Lucía Torres"," lucia.torres@example.com"," ADMIN"," 23-11-10"
"Pedro Sánchez"," pedro.sanchez@example.com"," USER"," 23-11-12"
"Carla Ruiz"," carla.ruiz@example.com"," MODERATOR"," 23-11-15"
"Diego Fernández"," diego.fernandez@example.com"," USER"," 23-11-18"
"Elena Navarro"," elena.navarro@example.com"," USER"," 23-11-20"
"Carla Ruiz"," carla.ruiz@example.com"," MODERATOR"," 23-11-15"
"Diego Fernández"," diego.fernandez@example.com"," USER"," 23-11-18"
"Elena Navarro"," elena.navarro@example.com"," USER"," 23-11-20"
"Carla Ruiz"," carla.ruiz@example.com"," MODERATOR"," 23-11-15"
"Diego Fernández"," diego.fernandez@example.com"," USER"," 23-11-18"
"Elena Navarro"," elena.navarro@example.com"," USER"," 23-11-20"
"Carla Ruiz"," carla.ruiz@example.com"," MODERATOR"," 23-11-15"
"Diego Fernández"," diego.fernandez@example.com"," USER"," 23-11-18"
"Elena Navarro"," elena.navarro@example.com"," USER"," 23-11-20"
"Carla Ruiz"," carla.ruiz@example.com"," MODERATOR"," 23-11-15"
"Diego Fernández"," diego.fernandez@example.com"," USER"," 23-11-18"
"Elena Navarro"," elena.navarro@example.com"," USER"," 23-11-20"
"Carla Ruiz"," carla.ruiz@example.com"," MODERATOR"," 23-11-15"
"Diego Fernández"," diego.fernandez@example.com"," USER"," 23-11-18"
"Elena Navarro"," elena.navarro@example.com"," USER"," 23-11-20"
"Carla Ruiz"," carla.ruiz@example.com"," MODERATOR"," 23-11-15"
"Diego Fernández"," diego.fernandez@example.com"," USER"," 23-11-18"
"Elena Navarro"," elena.navarro@example.com"," USER"," 23-11-20"
"Carla Ruiz"," carla.ruiz@example.com"," MODERATOR"," 23-11-15"
"Diego Fernández"," diego.fernandez@example.com"," USER"," 23-11-18"
"Elena Navarro"," elena.navarro@example.com"," USER"," 23-11-20"
"Carla Ruiz"," carla.ruiz@example.com"," MODERATOR"," 23-11-15"
"Diego Fernández"," diego.fernandez@example.com"," USER"," 23-11-18"
"Elena Navarro"," elena.navarro@example.com"," USER"," 23-11-20"
"Carla Ruiz"," carla.ruiz@example.com"," MODERATOR"," 23-11-15"
"Diego Fernández"," diego.fernandez@example.com"," USER"," 23-11-18"
"Elena Navarro"," elena.navarro@example.com"," USER"," 23-11-20"
"Carla Ruiz"," carla.ruiz@example.com"," MODERATOR"," 23-11-15"
"Elena Navarro"," elena.navarro@example.com"," USER"," 23-11-20"
"Carla Ruiz"," carla.ruiz@example.com"," MODERATOR"," 23-11-15"
"Diego Fernández"," diego.fernandez@example.com"," USER"," 23-11-18"
"Elena Navarro"," elena.navarro@example.com"," USER"," 23-11-20"
"Carla Ruiz"," carla.ruiz@example.com"," MODERATOR"," 23-11-15"
"Diego Fernández"," diego.fernandez@example.com"," USER"," 23-11-18"
"Elena Navarro"," elena.navarro@example.com"," USER"," 23-11-20"
"Carla Ruiz"," carla.ruiz@example.com"," MODERATOR"," 23-11-15"
"Diego Fernández"," diego.fernandez@example.com"," USER"," 23-11-18"
"Elena Navarro"," elena.navarro@example.com"," USER"," 23-11-20"
